{
    "dataset": "rtdl",
    "algorithm": "mlp",
    "config": {
        "data": {
            "normalization": "quantile",
            "path": "data/rtdl",
            "y_policy": "mean_std"
        },
        "model": {
            "d_layers": [
                11,
                256,
                256,
                256
            ],
            "dropout": 0.1
        },
        "seed": 8,
        "training": {
            "batch_size": 512,
            "eval_batch_size": 512,
            "lr": 0.001,
            "n_epochs": 500,
            "optimizer": "radam",
            "patience": 50,
            "weight_decay": 1e-05
        }
    },
    "environment": {
        "devices": {
            "CUDA_VISIBLE_DEVICES": "0",
            "torch.version.cuda": "10.2",
            "torch.backends.cudnn.version()": 7605,
            "driver": "516.59",
            "0": {
                "name": "NVIDIA GeForce RTX 2070",
                "total_memory": 8589934592
            }
        }
    },
    "epoch_size": 58,
    "n_parameters": 135045,
    "best_epoch": 85,
    "metrics": {
        "train": {
            "rmse": 0.04955874522662007,
            "score": -0.04955874522662007,
            "mape": 0.6230911016464233
        },
        "val": {
            "rmse": 0.0501385543462043,
            "score": -0.0501385543462043,
            "mape": 0.5711653828620911
        },
        "test": {
            "rmse": 0.047986915166812666,
            "score": -0.047986915166812666,
            "mape": 0.40699127316474915
        }
    },
    "time": "0:00:51"
}
