{
    "dataset": "rtdl",
    "algorithm": "mlp",
    "config": {
        "data": {
            "normalization": "standard",
            "path": "data/rtdl",
            "y_policy": "quantile_mean_std"
        },
        "model": {
            "activation": "relu",
            "d_layers": [
                538,
                347
            ],
            "dropout": 0.2477008537587833
        },
        "seed": 8,
        "training": {
            "batch_size": 1024,
            "eval_batch_size": 8192,
            "loss": "mse",
            "lr": 0.0033808570389529695,
            "n_epochs": 1000000000,
            "optimizer": "adamw",
            "patience": 16,
            "weight_decay": 1.1067597759365375e-06
        }
    },
    "environment": {
        "devices": {
            "CUDA_VISIBLE_DEVICES": "0",
            "torch.version.cuda": "10.2",
            "torch.backends.cudnn.version()": 7605,
            "driver": "516.59",
            "0": {
                "name": "NVIDIA GeForce RTX 2070",
                "total_memory": 8589934592
            }
        }
    },
    "epoch_size": 29,
    "n_parameters": 193837,
    "best_epoch": 62,
    "metrics": {
        "train": {
            "mse": 0.0005383416428230703,
            "rmse": 0.023202190474674374,
            "score": -0.02339158020913601,
            "mape": 0.02339158020913601
        },
        "val": {
            "mse": 0.0005925329751335084,
            "rmse": 0.024342000228689268,
            "score": -0.04563421010971069,
            "mape": 0.04563421010971069
        },
        "test": {
            "mse": 0.0006337915547192097,
            "rmse": 0.0251752170739243,
            "score": -0.04505759850144386,
            "mape": 0.04505759850144386
        }
    },
    "time": "0:00:42"
}
