{
    "dataset": "rtdl",
    "algorithm": "mlp",
    "config": {
        "data": {
            "normalization": "standard",
            "path": "data/rtdl",
            "y_policy": "quantile_mean_std"
        },
        "model": {
            "activation": "relu",
            "d_layers": [
                538,
                347
            ],
            "dropout": 0.2477008537587833
        },
        "seed": 0,
        "training": {
            "batch_size": 1024,
            "eval_batch_size": 8192,
            "loss": "mse",
            "lr": 0.0033808570389529695,
            "n_epochs": 1000000000,
            "optimizer": "adamw",
            "patience": 16,
            "weight_decay": 1.1067597759365375e-06
        }
    },
    "environment": {
        "devices": {
            "CUDA_VISIBLE_DEVICES": "0",
            "torch.version.cuda": "10.2",
            "torch.backends.cudnn.version()": 7605,
            "driver": "516.59",
            "0": {
                "name": "NVIDIA GeForce RTX 2070",
                "total_memory": 8589934592
            }
        }
    },
    "epoch_size": 29,
    "n_parameters": 193837,
    "best_epoch": 77,
    "metrics": {
        "train": {
            "mse": 0.0004768673097714782,
            "rmse": 0.021837291722452173,
            "score": -0.023001840338110924,
            "mape": 0.023001840338110924
        },
        "val": {
            "mse": 0.0006641625077463686,
            "rmse": 0.02577135052236046,
            "score": -0.046922922134399414,
            "mape": 0.046922922134399414
        },
        "test": {
            "mse": 0.0005919734248891473,
            "rmse": 0.024330503999899947,
            "score": -0.043041206896305084,
            "mape": 0.043041206896305084
        }
    },
    "time": "0:01:00"
}
