{
    "dataset": "rtdl",
    "algorithm": "mlp",
    "config": {
        "data": {
            "normalization": "quantile",
            "path": "data/rtdl",
            "y_policy": "mean_std"
        },
        "model": {
            "d_layers": [
                11,
                256,
                256,
                256,
                1
            ],
            "dropout": 0.1
        },
        "seed": 0,
        "training": {
            "batch_size": 512,
            "eval_batch_size": 512,
            "lr": 0.001,
            "n_epochs": 500,
            "optimizer": "sgd",
            "patience": 50,
            "weight_decay": 1e-05
        }
    },
    "environment": {
        "devices": {
            "CUDA_VISIBLE_DEVICES": "0",
            "torch.version.cuda": "10.2",
            "torch.backends.cudnn.version()": 7605,
            "driver": "516.59",
            "0": {
                "name": "NVIDIA GeForce RTX 2070",
                "total_memory": 8589934592
            }
        }
    },
    "epoch_size": 58,
    "n_parameters": 135047,
    "best_epoch": 103,
    "metrics": {
        "train": {
            "rmse": 0.2207439641520971,
            "score": -0.2207439641520971,
            "mape": 1.8266464471817017
        },
        "val": {
            "rmse": 0.20457063283045215,
            "score": -0.20457063283045215,
            "mape": 1.107121229171753
        },
        "test": {
            "rmse": 0.19603758376851227,
            "score": -0.19603758376851227,
            "mape": 0.8755649924278259
        }
    },
    "time": "0:00:49"
}
