{
    "dataset": "rtdl",
    "algorithm": "mlp",
    "config": {
        "data": {
            "normalization": "quantile",
            "path": "data/rtdl",
            "y_policy": "mean_std"
        },
        "model": {
            "d_layers": [
                11,
                256,
                256,
                256
            ],
            "dropout": 0.1
        },
        "seed": 0,
        "training": {
            "batch_size": 512,
            "eval_batch_size": 512,
            "lr": 0.001,
            "n_epochs": 500,
            "optimizer": "radam",
            "patience": 50,
            "weight_decay": 1e-05
        }
    },
    "environment": {
        "devices": {
            "CUDA_VISIBLE_DEVICES": "0",
            "torch.version.cuda": "10.2",
            "torch.backends.cudnn.version()": 7605,
            "driver": "516.59",
            "0": {
                "name": "NVIDIA GeForce RTX 2070",
                "total_memory": 8589934592
            }
        }
    },
    "epoch_size": 58,
    "n_parameters": 135045,
    "best_epoch": 157,
    "metrics": {
        "train": {
            "rmse": 0.0413866684640198,
            "score": -0.0413866684640198,
            "mape": 0.6203415393829346
        },
        "val": {
            "rmse": 0.045205619893348425,
            "score": -0.045205619893348425,
            "mape": 0.5264885425567627
        },
        "test": {
            "rmse": 0.042161561659509066,
            "score": -0.042161561659509066,
            "mape": 0.5356588363647461
        }
    },
    "time": "0:01:22"
}
