{
    "dataset": "bleve",
    "algorithm": "mlp",
    "config": {
        "source": "output\\bleve\\mlp\\tuned",
        "seeds": [
            10,
            11,
            12,
            13,
            14
        ],
        "count": 5
    },
    "metrics": {
        "train": {
            "rmse": 0.5087574312114818,
            "score": -0.5087574312114818
        },
        "val": {
            "rmse": 0.4929413810362699,
            "score": -0.4929413810362699
        },
        "test": {
            "rmse": 0.4348798428608011,
            "score": -0.4348798428608011
        }
    }
}
