{
    "dataset": "bleve",
    "algorithm": "mlp",
    "config": {
        "source": "output\\bleve\\mlp\\tuned",
        "seeds": [
            10,
            11,
            12,
            13,
            14
        ],
        "count": 5
    },
    "metrics": {
        "train": {
            "rmse": 0.5090188193136455,
            "score": -0.5090188193136455,
            "mape": 1.1505345106124878
        },
        "val": {
            "rmse": 0.49288115659605597,
            "score": -0.49288115659605597,
            "mape": 1.3451833724975586
        },
        "test": {
            "rmse": 0.4349213540223461,
            "score": -0.4349213540223461,
            "mape": 1.0683318376541138
        }
    }
}
