{
    "dataset": "bleve",
    "algorithm": "mlp",
    "config": {
        "source": "output\\bleve\\mlp\\tuned",
        "seeds": [
            10,
            11,
            12,
            13,
            14
        ],
        "count": 5
    },
    "metrics": {
        "train": {
            "rmse": 0.060147551830726224,
            "score": -0.060147551830726224
        },
        "val": {
            "rmse": 0.06120278520101307,
            "score": -0.06120278520101307
        },
        "test": {
            "rmse": 0.061766424733276724,
            "score": -0.061766424733276724
        }
    }
}
