{
    "dataset": "rtdl",
    "algorithm": "mlp",
    "config": {
        "data": {
            "normalization": "standard",
            "path": "data/rtdl",
            "y_policy": "quantile_mean_std"
        },
        "model": {
            "activation": "relu",
            "d_layers": [
                538,
                347
            ],
            "dropout": 0.2477008537587833
        },
        "seed": 4,
        "training": {
            "batch_size": 1024,
            "eval_batch_size": 8192,
            "loss": "mse",
            "lr": 0.0033808570389529695,
            "n_epochs": 1000000000,
            "optimizer": "adamw",
            "patience": 16,
            "weight_decay": 1.1067597759365375e-06
        }
    },
    "environment": {
        "devices": {
            "CUDA_VISIBLE_DEVICES": "0",
            "torch.version.cuda": "10.2",
            "torch.backends.cudnn.version()": 7605,
            "driver": "516.59",
            "0": {
                "name": "NVIDIA GeForce RTX 2070",
                "total_memory": 8589934592
            }
        }
    },
    "epoch_size": 29,
    "n_parameters": 193837,
    "best_epoch": 62,
    "metrics": {
        "train": {
            "mse": 0.0005286906962282956,
            "rmse": 0.022993275021803563,
            "score": -0.024692974984645844,
            "mape": 0.024692974984645844
        },
        "val": {
            "mse": 0.000692048401106149,
            "rmse": 0.026306812826835353,
            "score": -0.04718624800443649,
            "mape": 0.04718624800443649
        },
        "test": {
            "mse": 0.0005742786452174187,
            "rmse": 0.023964111609183818,
            "score": -0.0442785806953907,
            "mape": 0.0442785806953907
        }
    },
    "time": "0:00:35"
}
