{
    "dataset": "rtdl",
    "algorithm": "mlp",
    "config": {
        "data": {
            "normalization": "quantile",
            "path": "data/rtdl",
            "y_policy": "mean_std"
        },
        "model": {
            "d_layers": [
                11,
                256,
                256,
                256
            ],
            "dropout": 0.1
        },
        "seed": 4,
        "training": {
            "batch_size": 512,
            "eval_batch_size": 512,
            "lr": 0.001,
            "n_epochs": 500,
            "optimizer": "radam",
            "patience": 50,
            "weight_decay": 1e-05
        }
    },
    "environment": {
        "devices": {
            "CUDA_VISIBLE_DEVICES": "0",
            "torch.version.cuda": "10.2",
            "torch.backends.cudnn.version()": 7605,
            "driver": "516.59",
            "0": {
                "name": "NVIDIA GeForce RTX 2070",
                "total_memory": 8589934592
            }
        }
    },
    "epoch_size": 58,
    "n_parameters": 135045,
    "best_epoch": 77,
    "metrics": {
        "train": {
            "rmse": 0.048981286987796364,
            "score": -0.048981286987796364,
            "mape": 1.2102839946746826
        },
        "val": {
            "rmse": 0.051889849598573935,
            "score": -0.051889849598573935,
            "mape": 0.4474661946296692
        },
        "test": {
            "rmse": 0.049001194628743076,
            "score": -0.049001194628743076,
            "mape": 0.3453493118286133
        }
    },
    "time": "0:00:47"
}
