{
    "dataset": "bleve_5m",
    "algorithm": "mlp",
    "config": {
        "source": "output\\bleve_5m\\mlp\\tuned",
        "seeds": [
            10,
            11,
            12,
            13,
            14
        ],
        "count": 5
    },
    "metrics": {
        "train": {
            "rmse": 0.7988396876090607,
            "score": -0.7988396876090607
        },
        "val": {
            "rmse": 0.8203357206885752,
            "score": -0.8203357206885752
        },
        "test": {
            "rmse": 0.737181610890445,
            "score": -0.737181610890445
        }
    }
}
