{
    "dataset": "california_housing",
    "algorithm": "mlp",
    "config": {
        "source": "output\\california_housing\\mlp\\tuned_reproduced",
        "seeds": [
            5,
            6,
            7,
            8,
            9
        ],
        "count": 5
    },
    "metrics": {
        "train": {
            "rmse": 0.4274004758664318,
            "score": -0.4274004758664318
        },
        "val": {
            "rmse": 0.503021802959738,
            "score": -0.503021802959738
        },
        "test": {
            "rmse": 0.500771144441054,
            "score": -0.500771144441054
        }
    }
}
