{
    "dataset": "bleve_5m",
    "algorithm": "mlp",
    "config": {
        "source": "output\\bleve_5m\\mlp\\tuned",
        "seeds": [
            0,
            1,
            2,
            3,
            4
        ],
        "count": 5
    },
    "metrics": {
        "train": {
            "rmse": 0.7818477686160891,
            "score": -0.7818477686160891
        },
        "val": {
            "rmse": 0.8100311689034699,
            "score": -0.8100311689034699
        },
        "test": {
            "rmse": 0.7221831615005929,
            "score": -0.7221831615005929
        }
    }
}
