{
    "dataset": "bleve_5m",
    "algorithm": "mlp",
    "config": {
        "source": "output\\bleve_5m\\mlp\\tuned",
        "seeds": [
            0,
            1,
            2,
            3,
            4
        ],
        "count": 5
    },
    "metrics": {
        "train": {
            "rmse": 0.7825132997620735,
            "score": -0.7825132997620735
        },
        "val": {
            "rmse": 0.8073660799287993,
            "score": -0.8073660799287993
        },
        "test": {
            "rmse": 0.7217517560946356,
            "score": -0.7217517560946356
        }
    }
}
