{
    "dataset": "rtdl",
    "algorithm": "mlp",
    "config": {
        "data": {
            "normalization": "standard",
            "path": "data/rtdl",
            "y_policy": "quantile_mean_std"
        },
        "model": {
            "activation": "relu",
            "d_layers": [
                538,
                347
            ],
            "dropout": 0.2477008537587833
        },
        "seed": 5,
        "training": {
            "batch_size": 1024,
            "eval_batch_size": 8192,
            "loss": "mse",
            "lr": 0.0033808570389529695,
            "n_epochs": 1000000000,
            "optimizer": "adamw",
            "patience": 16,
            "weight_decay": 1.1067597759365375e-06
        }
    },
    "environment": {
        "devices": {
            "CUDA_VISIBLE_DEVICES": "0",
            "torch.version.cuda": "10.2",
            "torch.backends.cudnn.version()": 7605,
            "driver": "516.59",
            "0": {
                "name": "NVIDIA GeForce RTX 2070",
                "total_memory": 8589934592
            }
        }
    },
    "epoch_size": 29,
    "n_parameters": 193837,
    "best_epoch": 66,
    "metrics": {
        "train": {
            "mse": 0.0003704675182234496,
            "rmse": 0.019247532782760746,
            "score": -0.021303758025169373,
            "mape": 0.021303758025169373
        },
        "val": {
            "mse": 0.00047245557652786374,
            "rmse": 0.021736043258327026,
            "score": -0.04475846141576767,
            "mape": 0.04475846141576767
        },
        "test": {
            "mse": 0.0005091375205665827,
            "rmse": 0.02256407588549956,
            "score": -0.04559516906738281,
            "mape": 0.04559516906738281
        }
    },
    "time": "0:00:38"
}
