{
    "dataset": "rtdl",
    "algorithm": "mlp",
    "config": {
        "data": {
            "normalization": "quantile",
            "path": "data/rtdl",
            "y_policy": "mean_std"
        },
        "model": {
            "d_layers": [
                11,
                256,
                256,
                256
            ],
            "dropout": 0.1
        },
        "seed": 5,
        "training": {
            "batch_size": 512,
            "eval_batch_size": 512,
            "lr": 0.001,
            "n_epochs": 500,
            "optimizer": "radam",
            "patience": 50,
            "weight_decay": 1e-05
        }
    },
    "environment": {
        "devices": {
            "CUDA_VISIBLE_DEVICES": "0",
            "torch.version.cuda": "10.2",
            "torch.backends.cudnn.version()": 7605,
            "driver": "516.59",
            "0": {
                "name": "NVIDIA GeForce RTX 2070",
                "total_memory": 8589934592
            }
        }
    },
    "epoch_size": 58,
    "n_parameters": 135045,
    "best_epoch": 218,
    "metrics": {
        "train": {
            "rmse": 0.045064078732537045,
            "score": -0.045064078732537045,
            "mape": 1.1030217409133911
        },
        "val": {
            "rmse": 0.044661250481624656,
            "score": -0.044661250481624656,
            "mape": 0.6687657833099365
        },
        "test": {
            "rmse": 0.04167296044686766,
            "score": -0.04167296044686766,
            "mape": 0.5162519812583923
        }
    },
    "time": "0:01:47"
}
