{
    "dataset": "rtdl",
    "algorithm": "mlp",
    "config": {
        "data": {
            "normalization": "standard",
            "path": "data/rtdl",
            "y_policy": "quantile_mean_std"
        },
        "model": {
            "activation": "relu",
            "d_layers": [
                538,
                347
            ],
            "dropout": 0.2477008537587833
        },
        "seed": 2,
        "training": {
            "batch_size": 1024,
            "eval_batch_size": 8192,
            "loss": "mse",
            "lr": 0.0033808570389529695,
            "n_epochs": 1000000000,
            "optimizer": "adamw",
            "patience": 16,
            "weight_decay": 1.1067597759365375e-06
        }
    },
    "environment": {
        "devices": {
            "CUDA_VISIBLE_DEVICES": "0",
            "torch.version.cuda": "10.2",
            "torch.backends.cudnn.version()": 7605,
            "driver": "516.59",
            "0": {
                "name": "NVIDIA GeForce RTX 2070",
                "total_memory": 8589934592
            }
        }
    },
    "epoch_size": 29,
    "n_parameters": 193837,
    "best_epoch": 61,
    "metrics": {
        "train": {
            "mse": 0.0004902751534245908,
            "rmse": 0.022142157831263665,
            "score": -0.02259986288845539,
            "mape": 0.02259986288845539
        },
        "val": {
            "mse": 0.0006543276249431074,
            "rmse": 0.025579828477593578,
            "score": -0.044357143342494965,
            "mape": 0.044357143342494965
        },
        "test": {
            "mse": 0.0006493264809250832,
            "rmse": 0.025481885348715528,
            "score": -0.04324204847216606,
            "mape": 0.04324204847216606
        }
    },
    "time": "0:00:41"
}
