{
    "dataset": "rtdl",
    "algorithm": "mlp",
    "config": {
        "data": {
            "normalization": "quantile",
            "path": "data/rtdl",
            "y_policy": "mean_std"
        },
        "model": {
            "d_layers": [
                11,
                256,
                256,
                256
            ],
            "dropout": 0.1
        },
        "seed": 2,
        "training": {
            "batch_size": 512,
            "eval_batch_size": 512,
            "lr": 0.001,
            "n_epochs": 500,
            "optimizer": "radam",
            "patience": 50,
            "weight_decay": 1e-05
        }
    },
    "environment": {
        "devices": {
            "CUDA_VISIBLE_DEVICES": "0",
            "torch.version.cuda": "10.2",
            "torch.backends.cudnn.version()": 7605,
            "driver": "516.59",
            "0": {
                "name": "NVIDIA GeForce RTX 2070",
                "total_memory": 8589934592
            }
        }
    },
    "epoch_size": 58,
    "n_parameters": 135045,
    "best_epoch": 92,
    "metrics": {
        "train": {
            "rmse": 0.03294999581324982,
            "score": -0.03294999581324982,
            "mape": 1.1254849433898926
        },
        "val": {
            "rmse": 0.03608477714382093,
            "score": -0.03608477714382093,
            "mape": 0.4698515832424164
        },
        "test": {
            "rmse": 0.0341364050916003,
            "score": -0.0341364050916003,
            "mape": 0.4201013743877411
        }
    },
    "time": "0:00:54"
}
