{
    "dataset": "rtdl",
    "algorithm": "mlp",
    "config": {
        "source": "output\\rtdl\\mlp\\tuned",
        "seeds": [
            5,
            6,
            7,
            8,
            9
        ],
        "count": 5
    },
    "metrics": {
        "train": {
            "rmse": 0.03884551162109878,
            "score": -0.03884551162109878,
            "mape": 0.32261723279953003
        },
        "val": {
            "rmse": 0.04048734407721918,
            "score": -0.04048734407721918,
            "mape": 0.3113304376602173
        },
        "test": {
            "rmse": 0.037707290615885104,
            "score": -0.037707290615885104,
            "mape": 0.30350062251091003
        }
    }
}
