{
    "dataset": "rtdl",
    "algorithm": "mlp",
    "config": {
        "source": "output\\rtdl\\mlp\\tuned",
        "seeds": [
            5,
            6,
            7,
            8,
            9
        ],
        "count": 5
    },
    "metrics": {
        "train": {
            "rmse": 0.2435944333863219,
            "score": -0.2435944333863219,
            "mape": 1.1670255661010742
        },
        "val": {
            "rmse": 0.2332320429756799,
            "score": -0.2332320429756799,
            "mape": 0.9539088606834412
        },
        "test": {
            "rmse": 0.22306765691831998,
            "score": -0.22306765691831998,
            "mape": 0.8912053108215332
        }
    }
}
