{
    "dataset": "rtdl",
    "algorithm": "mlp",
    "config": {
        "source": "output\\rtdl\\mlp\\tuned",
        "seeds": [
            5,
            6,
            7,
            8,
            9
        ],
        "count": 5
    },
    "metrics": {
        "train": {
            "rmse": 0.2435944333863219,
            "score": -0.2435944333863219
        },
        "val": {
            "rmse": 0.2332320429756799,
            "score": -0.2332320429756799
        },
        "test": {
            "rmse": 0.22306765691831998,
            "score": -0.22306765691831998
        }
    }
}
