{
    "dataset": "rtdl",
    "algorithm": "mlp",
    "config": {
        "source": "output\\rtdl\\mlp\\tuned",
        "seeds": [
            5,
            6,
            7,
            8,
            9
        ],
        "count": 5
    },
    "metrics": {
        "train": {
            "mse": 0.00036136689595878124,
            "rmse": 0.01900965270484396,
            "score": -0.01798059418797493,
            "mape": 0.01798059418797493
        },
        "val": {
            "mse": 0.0005232858238741755,
            "rmse": 0.022875441501185843,
            "score": -0.04276808723807335,
            "mape": 0.04276808723807335
        },
        "test": {
            "mse": 0.0005620008450932801,
            "rmse": 0.023706557006306927,
            "score": -0.042087454348802567,
            "mape": 0.042087454348802567
        }
    }
}
