{
    "dataset": "bleve",
    "algorithm": "mlp",
    "config": {
        "data": {
            "normalization": "quantile",
            "path": "data/bleve",
            "y_policy": "mean_std"
        },
        "model": {
            "d_layers": [
                12,
                256,
                256,
                256,
                1
            ],
            "dropout": 0.1
        },
        "seed": 5,
        "training": {
            "batch_size": 512,
            "eval_batch_size": 512,
            "lr": 0.001,
            "n_epochs": 500,
            "optimizer": "sgd",
            "patience": 50,
            "weight_decay": 1e-05
        }
    },
    "environment": {
        "devices": {
            "CUDA_VISIBLE_DEVICES": "0",
            "torch.version.cuda": "10.2",
            "torch.backends.cudnn.version()": 7605,
            "driver": "516.59",
            "0": {
                "name": "NVIDIA GeForce RTX 2070",
                "total_memory": 8589934592
            }
        }
    },
    "epoch_size": 9,
    "n_parameters": 135327,
    "best_epoch": 4,
    "metrics": {
        "train": {
            "rmse": 0.5088720246752185,
            "score": -0.5088720246752185,
            "mape": 1.1181331872940063
        },
        "val": {
            "rmse": 0.49289665520112214,
            "score": -0.49289665520112214,
            "mape": 1.2761588096618652
        },
        "test": {
            "rmse": 0.4348833702228442,
            "score": -0.4348833702228442,
            "mape": 1.0514291524887085
        }
    },
    "time": "0:00:03"
}
