{
    "dataset": "bleve",
    "algorithm": "xgboost_",
    "config": {
        "source": "output\\bleve\\xgboost\\tuned",
        "seeds": [
            10,
            11,
            12,
            13,
            14
        ],
        "count": 5
    },
    "metrics": {
        "train": {
            "rmse": 0.007092645990133419,
            "score": -0.007092645990133419
        },
        "val": {
            "rmse": 0.05598792925349394,
            "score": -0.05598792925349394
        },
        "test": {
            "rmse": 0.04962447261761781,
            "score": -0.04962447261761781
        }
    }
}
