{
    "dataset": "rtdl",
    "algorithm": "mlp",
    "config": {
        "data": {
            "normalization": "standard",
            "path": "data/rtdl",
            "y_policy": "quantile_mean_std"
        },
        "model": {
            "activation": "relu",
            "d_layers": [
                538,
                347
            ],
            "dropout": 0.2477008537587833
        },
        "seed": 12,
        "training": {
            "batch_size": 1024,
            "eval_batch_size": 8192,
            "loss": "mse",
            "lr": 0.0033808570389529695,
            "n_epochs": 1000000000,
            "optimizer": "adamw",
            "patience": 16,
            "weight_decay": 1.1067597759365375e-06
        }
    },
    "environment": {
        "devices": {
            "CUDA_VISIBLE_DEVICES": "0",
            "torch.version.cuda": "10.2",
            "torch.backends.cudnn.version()": 7605,
            "driver": "516.59",
            "0": {
                "name": "NVIDIA GeForce RTX 2070",
                "total_memory": 8589934592
            }
        }
    },
    "epoch_size": 29,
    "n_parameters": 193837,
    "best_epoch": 70,
    "metrics": {
        "train": {
            "mse": 0.000470722938189283,
            "rmse": 0.02169615030804504,
            "score": -0.02128714881837368,
            "mape": 0.02128714881837368
        },
        "val": {
            "mse": 0.0006578152533620596,
            "rmse": 0.025647909337060196,
            "score": -0.045339081436395645,
            "mape": 0.045339081436395645
        },
        "test": {
            "mse": 0.000537087325938046,
            "rmse": 0.023175144572106687,
            "score": -0.04438052326440811,
            "mape": 0.04438052326440811
        }
    },
    "time": "0:00:41"
}
