{
    "dataset": "bleve",
    "algorithm": "mlp",
    "config": {
        "source": "output\\bleve\\mlp\\tuned",
        "seeds": [
            5,
            6,
            7,
            8,
            9
        ],
        "count": 5
    },
    "metrics": {
        "train": {
            "rmse": 0.5089103480363995,
            "score": -0.5089103480363995
        },
        "val": {
            "rmse": 0.492889164008868,
            "score": -0.492889164008868
        },
        "test": {
            "rmse": 0.4348905312115548,
            "score": -0.4348905312115548
        }
    }
}
