{
    "dataset": "bleve",
    "algorithm": "mlp",
    "config": {
        "source": "output\\bleve\\mlp\\tuned",
        "seeds": [
            5,
            6,
            7,
            8,
            9
        ],
        "count": 5
    },
    "metrics": {
        "train": {
            "rmse": 0.06255650830962235,
            "score": -0.06255650830962235
        },
        "val": {
            "rmse": 0.0632502862151513,
            "score": -0.0632502862151513
        },
        "test": {
            "rmse": 0.06173751374565551,
            "score": -0.06173751374565551
        }
    }
}
