{
    "dataset": "bleve",
    "algorithm": "mlp",
    "config": {
        "source": "output\\bleve\\mlp\\tuned",
        "seeds": [
            5,
            6,
            7,
            8,
            9
        ],
        "count": 5
    },
    "metrics": {
        "train": {
            "rmse": 0.4280405245094388,
            "score": -0.4280405245094388,
            "mape": 0.8516147136688232
        },
        "val": {
            "rmse": 0.4134087436012821,
            "score": -0.4134087436012821,
            "mape": 1.0178358554840088
        },
        "test": {
            "rmse": 0.35076859372977054,
            "score": -0.35076859372977054,
            "mape": 0.8089050650596619
        }
    }
}
