{
    "dataset": "rtdl",
    "algorithm": "mlp",
    "config": {
        "source": "output\\rtdl\\mlp\\tuned",
        "seeds": [
            10,
            11,
            12,
            13,
            14
        ],
        "count": 5
    },
    "metrics": {
        "train": {
            "mse": 0.00043245722190476954,
            "rmse": 0.02079560583163591,
            "score": -0.01839052513241768,
            "mape": 0.01839052513241768
        },
        "val": {
            "mse": 0.0006202497752383351,
            "rmse": 0.024904814298410963,
            "score": -0.043269600719213486,
            "mape": 0.043269600719213486
        },
        "test": {
            "mse": 0.000607153691817075,
            "rmse": 0.024640488871308437,
            "score": -0.04216771572828293,
            "mape": 0.04216771572828293
        }
    }
}
