{
    "dataset": "rtdl",
    "algorithm": "mlp",
    "config": {
        "source": "output\\rtdl\\mlp\\tuned",
        "seeds": [
            10,
            11,
            12,
            13,
            14
        ],
        "count": 5
    },
    "metrics": {
        "train": {
            "rmse": 0.03595986740045041,
            "score": -0.03595986740045041,
            "mape": 0.5521161556243896
        },
        "val": {
            "rmse": 0.0378594277641548,
            "score": -0.0378594277641548,
            "mape": 0.4196375012397766
        },
        "test": {
            "rmse": 0.03438427753064561,
            "score": -0.03438427753064561,
            "mape": 0.31714317202568054
        }
    }
}
