{
    "dataset": "rtdl",
    "algorithm": "mlp",
    "config": {
        "source": "output\\rtdl\\mlp\\tuned",
        "seeds": [
            10,
            11,
            12,
            13,
            14
        ],
        "count": 5
    },
    "metrics": {
        "train": {
            "rmse": 0.17954355728090285,
            "score": -0.17954355728090285
        },
        "val": {
            "rmse": 0.17064085618783903,
            "score": -0.17064085618783903
        },
        "test": {
            "rmse": 0.16215540935897307,
            "score": -0.16215540935897307
        }
    }
}
