{
    "dataset": "bleve",
    "algorithm": "mlp",
    "config": {
        "data": {
            "normalization": "quantile",
            "path": "data/bleve",
            "y_policy": "mean_std"
        },
        "model": {
            "d_layers": [
                12,
                256,
                256,
                256,
                1
            ],
            "dropout": 0.1
        },
        "seed": 8,
        "training": {
            "batch_size": 512,
            "eval_batch_size": 512,
            "lr": 0.001,
            "n_epochs": 500,
            "optimizer": "sgd",
            "patience": 50,
            "weight_decay": 1e-05
        }
    },
    "environment": {
        "devices": {
            "CUDA_VISIBLE_DEVICES": "0",
            "torch.version.cuda": "10.2",
            "torch.backends.cudnn.version()": 7605,
            "driver": "516.59",
            "0": {
                "name": "NVIDIA GeForce RTX 2070",
                "total_memory": 8589934592
            }
        }
    },
    "epoch_size": 9,
    "n_parameters": 135327,
    "best_epoch": 51,
    "metrics": {
        "train": {
            "rmse": 0.32455398284087666,
            "score": -0.32455398284087666,
            "mape": 1.1056209802627563
        },
        "val": {
            "rmse": 0.3103798277842878,
            "score": -0.3103798277842878,
            "mape": 1.1074122190475464
        },
        "test": {
            "rmse": 0.24505866688306005,
            "score": -0.24505866688306005,
            "mape": 0.9912981390953064
        }
    },
    "time": "0:00:06"
}
