{
    "dataset": "rtdl",
    "algorithm": "mlp",
    "config": {
        "data": {
            "normalization": "quantile",
            "path": "data/rtdl",
            "y_policy": "mean_std"
        },
        "model": {
            "d_layers": [
                11,
                256,
                256,
                256
            ],
            "dropout": 0.1
        },
        "seed": 11,
        "training": {
            "batch_size": 512,
            "eval_batch_size": 512,
            "lr": 0.001,
            "n_epochs": 500,
            "optimizer": "radam",
            "patience": 50,
            "weight_decay": 1e-05
        }
    },
    "environment": {
        "devices": {
            "CUDA_VISIBLE_DEVICES": "0",
            "torch.version.cuda": "10.2",
            "torch.backends.cudnn.version()": 7605,
            "driver": "516.59",
            "0": {
                "name": "NVIDIA GeForce RTX 2070",
                "total_memory": 8589934592
            }
        }
    },
    "epoch_size": 58,
    "n_parameters": 135045,
    "best_epoch": 123,
    "metrics": {
        "train": {
            "rmse": 0.04273485941819011,
            "score": -0.04273485941819011,
            "mape": 1.6171122789382935
        },
        "val": {
            "rmse": 0.04662520743701481,
            "score": -0.04662520743701481,
            "mape": 0.5729564428329468
        },
        "test": {
            "rmse": 0.043332036290004476,
            "score": -0.043332036290004476,
            "mape": 0.3899090588092804
        }
    },
    "time": "0:01:04"
}
