{
    "dataset": "rtdl",
    "algorithm": "mlp",
    "config": {
        "data": {
            "normalization": "standard",
            "path": "data/rtdl",
            "y_policy": "quantile_mean_std"
        },
        "model": {
            "activation": "relu",
            "d_layers": [
                538,
                347
            ],
            "dropout": 0.2477008537587833
        },
        "seed": 14,
        "training": {
            "batch_size": 1024,
            "eval_batch_size": 8192,
            "loss": "mse",
            "lr": 0.0033808570389529695,
            "n_epochs": 1000000000,
            "optimizer": "adamw",
            "patience": 16,
            "weight_decay": 1.1067597759365375e-06
        }
    },
    "environment": {
        "devices": {
            "CUDA_VISIBLE_DEVICES": "0",
            "torch.version.cuda": "10.2",
            "torch.backends.cudnn.version()": 7605,
            "driver": "516.59",
            "0": {
                "name": "NVIDIA GeForce RTX 2070",
                "total_memory": 8589934592
            }
        }
    },
    "epoch_size": 29,
    "n_parameters": 193837,
    "best_epoch": 75,
    "metrics": {
        "train": {
            "mse": 0.0005066490266472101,
            "rmse": 0.02250886551222007,
            "score": -0.022103577852249146,
            "mape": 0.022103577852249146
        },
        "val": {
            "mse": 0.0006927793729119003,
            "rmse": 0.026320702363574956,
            "score": -0.04451727494597435,
            "mape": 0.04451727494597435
        },
        "test": {
            "mse": 0.0007173283374868333,
            "rmse": 0.026782985970328875,
            "score": -0.04334045574069023,
            "mape": 0.04334045574069023
        }
    },
    "time": "0:00:45"
}
