{
    "dataset": "rtdl",
    "algorithm": "mlp",
    "config": {
        "data": {
            "normalization": "quantile",
            "path": "data/rtdl",
            "y_policy": "mean_std"
        },
        "model": {
            "d_layers": [
                11,
                256,
                256,
                256,
                1
            ],
            "dropout": 0.1
        },
        "seed": 14,
        "training": {
            "batch_size": 512,
            "eval_batch_size": 512,
            "lr": 0.001,
            "n_epochs": 500,
            "optimizer": "sgd",
            "patience": 50,
            "weight_decay": 1e-05
        }
    },
    "environment": {
        "devices": {
            "CUDA_VISIBLE_DEVICES": "0",
            "torch.version.cuda": "10.2",
            "torch.backends.cudnn.version()": 7605,
            "driver": "516.59",
            "0": {
                "name": "NVIDIA GeForce RTX 2070",
                "total_memory": 8589934592
            }
        }
    },
    "epoch_size": 58,
    "n_parameters": 135047,
    "best_epoch": 33,
    "metrics": {
        "train": {
            "rmse": 0.3197611782238714,
            "score": -0.3197611782238714,
            "mape": 1.17942214012146
        },
        "val": {
            "rmse": 0.30809634871825375,
            "score": -0.30809634871825375,
            "mape": 1.0840004682540894
        },
        "test": {
            "rmse": 0.29644382624064153,
            "score": -0.29644382624064153,
            "mape": 1.0568596124649048
        }
    },
    "time": "0:00:28"
}
