{
    "dataset": "rtdl",
    "algorithm": "mlp",
    "config": {
        "source": "output\\rtdl\\mlp\\tuned",
        "seeds": [
            0,
            1,
            2,
            3,
            4
        ],
        "count": 5
    },
    "metrics": {
        "train": {
            "rmse": 0.22437611088719117,
            "score": -0.22437611088719117
        },
        "val": {
            "rmse": 0.212205404559162,
            "score": -0.212205404559162
        },
        "test": {
            "rmse": 0.20240735990843578,
            "score": -0.20240735990843578
        }
    }
}
