{
    "dataset": "rtdl",
    "algorithm": "mlp",
    "config": {
        "source": "output\\rtdl\\mlp\\tuned",
        "seeds": [
            0,
            1,
            2,
            3,
            4
        ],
        "count": 5
    },
    "metrics": {
        "train": {
            "rmse": 0.04095736993224553,
            "score": -0.04095736993224553,
            "mape": 0.5520564317703247
        },
        "val": {
            "rmse": 0.04336551338009921,
            "score": -0.04336551338009921,
            "mape": 0.3156948387622833
        },
        "test": {
            "rmse": 0.03836457577077117,
            "score": -0.03836457577077117,
            "mape": 0.29715272784233093
        }
    }
}
