{
    "dataset": "rtdl",
    "algorithm": "mlp",
    "config": {
        "source": "output\\rtdl\\mlp\\tuned",
        "seeds": [
            0,
            1,
            2,
            3,
            4
        ],
        "count": 5
    },
    "metrics": {
        "train": {
            "mse": 0.0004006846575066447,
            "rmse": 0.020017109119616766,
            "score": -0.01847859099507332,
            "mape": 0.01847859099507332
        },
        "val": {
            "mse": 0.0005700968322344124,
            "rmse": 0.023876700614498907,
            "score": -0.043826911598443985,
            "mape": 0.043826911598443985
        },
        "test": {
            "mse": 0.0005300070042721927,
            "rmse": 0.023021880989011145,
            "score": -0.04122920334339142,
            "mape": 0.04122920334339142
        }
    }
}
