{
    "dataset": "bleve",
    "algorithm": "mlp",
    "config": {
        "source": "output\\bleve\\mlp\\tuned",
        "seeds": [
            0,
            1,
            2,
            3,
            4
        ],
        "count": 5
    },
    "metrics": {
        "train": {
            "rmse": 0.5086806373300371,
            "score": -0.5086806373300371,
            "mape": 1.165485143661499
        },
        "val": {
            "rmse": 0.4924462149444671,
            "score": -0.4924462149444671,
            "mape": 1.3783762454986572
        },
        "test": {
            "rmse": 0.43447405843944165,
            "score": -0.43447405843944165,
            "mape": 1.072327971458435
        }
    }
}
