{
    "dataset": "bleve",
    "algorithm": "mlp",
    "config": {
        "source": "output\\bleve\\mlp\\tuned",
        "seeds": [
            0,
            1,
            2,
            3,
            4
        ],
        "count": 5
    },
    "metrics": {
        "train": {
            "rmse": 0.0613376809385203,
            "score": -0.0613376809385203
        },
        "val": {
            "rmse": 0.06268945755922317,
            "score": -0.06268945755922317
        },
        "test": {
            "rmse": 0.06337008037556341,
            "score": -0.06337008037556341
        }
    }
}
