{
    "dataset": "bleve",
    "algorithm": "mlp",
    "config": {
        "source": "output\\bleve\\mlp\\tuned",
        "seeds": [
            0,
            1,
            2,
            3,
            4
        ],
        "count": 5
    },
    "metrics": {
        "train": {
            "rmse": 0.5088240330920715,
            "score": -0.5088240330920715
        },
        "val": {
            "rmse": 0.4929105738155448,
            "score": -0.4929105738155448
        },
        "test": {
            "rmse": 0.43487805258067785,
            "score": -0.43487805258067785
        }
    }
}
