{
    "dataset": "rtdl",
    "algorithm": "mlp",
    "config": {
        "data": {
            "normalization": "standard",
            "path": "data/rtdl",
            "y_policy": "quantile_mean_std"
        },
        "model": {
            "activation": "relu",
            "d_layers": [
                538,
                347
            ],
            "dropout": 0.2477008537587833
        },
        "seed": 1,
        "training": {
            "batch_size": 1024,
            "eval_batch_size": 8192,
            "loss": "mse",
            "lr": 0.0033808570389529695,
            "n_epochs": 1000000000,
            "optimizer": "adamw",
            "patience": 16,
            "weight_decay": 1.1067597759365375e-06
        }
    },
    "environment": {
        "devices": {
            "CUDA_VISIBLE_DEVICES": "0",
            "torch.version.cuda": "10.2",
            "torch.backends.cudnn.version()": 7605,
            "driver": "516.59",
            "0": {
                "name": "NVIDIA GeForce RTX 2070",
                "total_memory": 8589934592
            }
        }
    },
    "epoch_size": 29,
    "n_parameters": 193837,
    "best_epoch": 43,
    "metrics": {
        "train": {
            "mse": 0.0004384403582662344,
            "rmse": 0.020938967459410086,
            "score": -0.023156246170401573,
            "mape": 0.023156246170401573
        },
        "val": {
            "mse": 0.0005658206646330655,
            "rmse": 0.023786985194283565,
            "score": -0.04842212796211243,
            "mape": 0.04842212796211243
        },
        "test": {
            "mse": 0.0006297195795923471,
            "rmse": 0.02509421406604214,
            "score": -0.04691269248723984,
            "mape": 0.04691269248723984
        }
    },
    "time": "0:00:41"
}
