{
    "dataset": "rtdl",
    "algorithm": "mlp",
    "config": {
        "data": {
            "normalization": "quantile",
            "path": "data/rtdl",
            "y_policy": "mean_std"
        },
        "model": {
            "d_layers": [
                11,
                256,
                256,
                256
            ],
            "dropout": 0.1
        },
        "seed": 1,
        "training": {
            "batch_size": 512,
            "eval_batch_size": 512,
            "lr": 0.001,
            "n_epochs": 500,
            "optimizer": "radam",
            "patience": 50,
            "weight_decay": 1e-05
        }
    },
    "environment": {
        "devices": {
            "CUDA_VISIBLE_DEVICES": "0",
            "torch.version.cuda": "10.2",
            "torch.backends.cudnn.version()": 7605,
            "driver": "516.59",
            "0": {
                "name": "NVIDIA GeForce RTX 2070",
                "total_memory": 8589934592
            }
        }
    },
    "epoch_size": 58,
    "n_parameters": 135045,
    "best_epoch": 109,
    "metrics": {
        "train": {
            "rmse": 0.046421844464820367,
            "score": -0.046421844464820367,
            "mape": 0.5940958857536316
        },
        "val": {
            "rmse": 0.050746058708865185,
            "score": -0.050746058708865185,
            "mape": 0.46408945322036743
        },
        "test": {
            "rmse": 0.042839886339764245,
            "score": -0.042839886339764245,
            "mape": 0.39366665482521057
        }
    },
    "time": "0:00:59"
}
