{
    "dataset": "bleve",
    "algorithm": "mlp",
    "config": {
        "data": {
            "normalization": "quantile",
            "path": "data/bleve",
            "y_policy": "mean_std"
        },
        "model": {
            "d_layers": [
                12,
                256,
                256,
                256,
                1
            ],
            "dropout": 0.1
        },
        "seed": 9,
        "training": {
            "batch_size": 512,
            "eval_batch_size": 512,
            "lr": 0.001,
            "n_epochs": 500,
            "optimizer": "sgd",
            "patience": 50,
            "weight_decay": 1e-05
        }
    },
    "environment": {
        "devices": {
            "CUDA_VISIBLE_DEVICES": "0",
            "torch.version.cuda": "10.2",
            "torch.backends.cudnn.version()": 7605,
            "driver": "516.59",
            "0": {
                "name": "NVIDIA GeForce RTX 2070",
                "total_memory": 8589934592
            }
        }
    },
    "epoch_size": 9,
    "n_parameters": 135327,
    "best_epoch": 28,
    "metrics": {
        "train": {
            "rmse": 0.5090311461975935,
            "score": -0.5090311461975935,
            "mape": 1.153038740158081
        },
        "val": {
            "rmse": 0.49288125043367825,
            "score": -0.49288125043367825,
            "mape": 1.3504180908203125
        },
        "test": {
            "rmse": 0.43492566088866763,
            "score": -0.43492566088866763,
            "mape": 1.069656491279602
        }
    },
    "time": "0:00:04"
}
