{
    "dataset": "bleve_5m",
    "algorithm": "mlp",
    "config": {
        "source": "output\\bleve_5m\\mlp\\tuned",
        "seeds": [
            5,
            6,
            7,
            8,
            9
        ],
        "count": 5
    },
    "metrics": {
        "train": {
            "rmse": 0.7960708675015195,
            "score": -0.7960708675015195
        },
        "val": {
            "rmse": 0.8194036355543848,
            "score": -0.8194036355543848
        },
        "test": {
            "rmse": 0.7460525546554432,
            "score": -0.7460525546554432
        }
    }
}
