{
    "dataset": "bleve",
    "algorithm": "mlp",
    "config": {
        "data": {
            "normalization": "quantile",
            "path": "data/bleve",
            "y_policy": "mean_std"
        },
        "model": {
            "d_layers": [
                12,
                256,
                256,
                256,
                1
            ],
            "dropout": 0.1
        },
        "seed": 7,
        "training": {
            "batch_size": 512,
            "eval_batch_size": 512,
            "lr": 0.001,
            "n_epochs": 500,
            "optimizer": "sgd",
            "patience": 50,
            "weight_decay": 1e-05
        }
    },
    "environment": {
        "devices": {
            "CUDA_VISIBLE_DEVICES": "0",
            "torch.version.cuda": "10.2",
            "torch.backends.cudnn.version()": 7605,
            "driver": "516.59",
            "0": {
                "name": "NVIDIA GeForce RTX 2070",
                "total_memory": 8589934592
            }
        }
    },
    "epoch_size": 9,
    "n_parameters": 135327,
    "best_epoch": 136,
    "metrics": {
        "train": {
            "rmse": 0.325644019338826,
            "score": -0.325644019338826,
            "mape": 0.8987101912498474
        },
        "val": {
            "rmse": 0.3126835095096539,
            "score": -0.3126835095096539,
            "mape": 0.8350645303726196
        },
        "test": {
            "rmse": 0.24190607941687245,
            "score": -0.24190607941687245,
            "mape": 0.9506262540817261
        }
    },
    "time": "0:00:10"
}
