{
    "dataset": "rtdl",
    "algorithm": "mlp",
    "config": {
        "data": {
            "normalization": "standard",
            "path": "data/rtdl",
            "y_policy": "quantile_mean_std"
        },
        "model": {
            "activation": "relu",
            "d_layers": [
                538,
                347
            ],
            "dropout": 0.2477008537587833
        },
        "seed": 9,
        "training": {
            "batch_size": 1024,
            "eval_batch_size": 8192,
            "loss": "mse",
            "lr": 0.0033808570389529695,
            "n_epochs": 1000000000,
            "optimizer": "adamw",
            "patience": 16,
            "weight_decay": 1.1067597759365375e-06
        }
    },
    "environment": {
        "devices": {
            "CUDA_VISIBLE_DEVICES": "0",
            "torch.version.cuda": "10.2",
            "torch.backends.cudnn.version()": 7605,
            "driver": "516.59",
            "0": {
                "name": "NVIDIA GeForce RTX 2070",
                "total_memory": 8589934592
            }
        }
    },
    "epoch_size": 29,
    "n_parameters": 193837,
    "best_epoch": 60,
    "metrics": {
        "train": {
            "mse": 0.0004982359241694212,
            "rmse": 0.022321198985928627,
            "score": -0.02363523468375206,
            "mape": 0.02363523468375206
        },
        "val": {
            "mse": 0.0006429366185329854,
            "rmse": 0.025356194874881867,
            "score": -0.045891329646110535,
            "mape": 0.045891329646110535
        },
        "test": {
            "mse": 0.0006636035395786166,
            "rmse": 0.025760503480689517,
            "score": -0.04377113655209541,
            "mape": 0.04377113655209541
        }
    },
    "time": "0:00:35"
}
