{
    "dataset": "rtdl",
    "algorithm": "mlp",
    "config": {
        "data": {
            "normalization": "quantile",
            "path": "data/rtdl",
            "y_policy": "mean_std"
        },
        "model": {
            "d_layers": [
                11,
                256,
                256,
                256
            ],
            "dropout": 0.1
        },
        "seed": 9,
        "training": {
            "batch_size": 512,
            "eval_batch_size": 512,
            "lr": 0.001,
            "n_epochs": 500,
            "optimizer": "radam",
            "patience": 50,
            "weight_decay": 1e-05
        }
    },
    "environment": {
        "devices": {
            "CUDA_VISIBLE_DEVICES": "0",
            "torch.version.cuda": "10.2",
            "torch.backends.cudnn.version()": 7605,
            "driver": "516.59",
            "0": {
                "name": "NVIDIA GeForce RTX 2070",
                "total_memory": 8589934592
            }
        }
    },
    "epoch_size": 58,
    "n_parameters": 135045,
    "best_epoch": 108,
    "metrics": {
        "train": {
            "rmse": 0.03830261525591358,
            "score": -0.03830261525591358,
            "mape": 0.7650226354598999
        },
        "val": {
            "rmse": 0.04189077667500449,
            "score": -0.04189077667500449,
            "mape": 0.3683261275291443
        },
        "test": {
            "rmse": 0.03898244652849423,
            "score": -0.03898244652849423,
            "mape": 0.37311607599258423
        }
    },
    "time": "0:00:57"
}
