{
    "dataset": "bleve",
    "algorithm": "mlp",
    "config": {
        "data": {
            "normalization": "quantile",
            "path": "data/bleve",
            "y_policy": "mean_std"
        },
        "model": {
            "d_layers": [
                12,
                256,
                256,
                256,
                1
            ],
            "dropout": 0.1
        },
        "seed": 12,
        "training": {
            "batch_size": 512,
            "eval_batch_size": 512,
            "lr": 0.001,
            "n_epochs": 500,
            "optimizer": "sgd",
            "patience": 50,
            "weight_decay": 1e-05
        }
    },
    "environment": {
        "devices": {
            "CUDA_VISIBLE_DEVICES": "0",
            "torch.version.cuda": "10.2",
            "torch.backends.cudnn.version()": 7605,
            "driver": "516.59",
            "0": {
                "name": "NVIDIA GeForce RTX 2070",
                "total_memory": 8589934592
            }
        }
    },
    "epoch_size": 9,
    "n_parameters": 135327,
    "best_epoch": 36,
    "metrics": {
        "train": {
            "rmse": 0.509004281081608,
            "score": -0.509004281081608,
            "mape": 1.1475508213043213
        },
        "val": {
            "rmse": 0.49288129735248265,
            "score": -0.49288129735248265,
            "mape": 1.3389092683792114
        },
        "test": {
            "rmse": 0.43491647994522936,
            "score": -0.43491647994522936,
            "mape": 1.0667442083358765
        }
    },
    "time": "0:00:04"
}
