{
    "dataset": "rtdl",
    "algorithm": "mlp",
    "config": {
        "data": {
            "normalization": "standard",
            "path": "data/rtdl",
            "y_policy": "quantile_mean_std"
        },
        "model": {
            "activation": "relu",
            "d_layers": [
                538,
                347
            ],
            "dropout": 0.2477008537587833
        },
        "seed": 6,
        "training": {
            "batch_size": 1024,
            "eval_batch_size": 8192,
            "loss": "mse",
            "lr": 0.0033808570389529695,
            "n_epochs": 1000000000,
            "optimizer": "adamw",
            "patience": 16,
            "weight_decay": 1.1067597759365375e-06
        }
    },
    "environment": {
        "devices": {
            "CUDA_VISIBLE_DEVICES": "0",
            "torch.version.cuda": "10.2",
            "torch.backends.cudnn.version()": 7605,
            "driver": "516.59",
            "0": {
                "name": "NVIDIA GeForce RTX 2070",
                "total_memory": 8589934592
            }
        }
    },
    "epoch_size": 29,
    "n_parameters": 193837,
    "best_epoch": 34,
    "metrics": {
        "train": {
            "mse": 0.0005974914529360831,
            "rmse": 0.024443638291712696,
            "score": -0.027381418272852898,
            "mape": 0.027381418272852898
        },
        "val": {
            "mse": 0.0008718983735889196,
            "rmse": 0.029527925318059846,
            "score": -0.050082020461559296,
            "mape": 0.050082020461559296
        },
        "test": {
            "mse": 0.000978584517724812,
            "rmse": 0.03128233555418796,
            "score": -0.0483514666557312,
            "mape": 0.0483514666557312
        }
    },
    "time": "0:00:23"
}
