{
    "dataset": "rtdl",
    "algorithm": "mlp",
    "config": {
        "data": {
            "normalization": "quantile",
            "path": "data/rtdl",
            "y_policy": "mean_std"
        },
        "model": {
            "d_layers": [
                11,
                256,
                256,
                256
            ],
            "dropout": 0.1
        },
        "seed": 6,
        "training": {
            "batch_size": 512,
            "eval_batch_size": 512,
            "lr": 0.001,
            "n_epochs": 500,
            "optimizer": "radam",
            "patience": 50,
            "weight_decay": 1e-05
        }
    },
    "environment": {
        "devices": {
            "CUDA_VISIBLE_DEVICES": "0",
            "torch.version.cuda": "10.2",
            "torch.backends.cudnn.version()": 7605,
            "driver": "516.59",
            "0": {
                "name": "NVIDIA GeForce RTX 2070",
                "total_memory": 8589934592
            }
        }
    },
    "epoch_size": 58,
    "n_parameters": 135045,
    "best_epoch": 57,
    "metrics": {
        "train": {
            "rmse": 0.046929330988228796,
            "score": -0.046929330988228796,
            "mape": 0.6840335130691528
        },
        "val": {
            "rmse": 0.0495622014896281,
            "score": -0.0495622014896281,
            "mape": 0.607241690158844
        },
        "test": {
            "rmse": 0.04851580333952005,
            "score": -0.04851580333952005,
            "mape": 0.4610559046268463
        }
    },
    "time": "0:00:40"
}
