{
    "dataset": "rtdl",
    "algorithm": "mlp",
    "config": {
        "data": {
            "normalization": "standard",
            "path": "data/rtdl",
            "y_policy": "quantile_mean_std"
        },
        "model": {
            "activation": "relu",
            "d_layers": [
                538,
                347
            ],
            "dropout": 0.2477008537587833
        },
        "seed": 13,
        "training": {
            "batch_size": 1024,
            "eval_batch_size": 8192,
            "loss": "mse",
            "lr": 0.0033808570389529695,
            "n_epochs": 1000000000,
            "optimizer": "adamw",
            "patience": 16,
            "weight_decay": 1.1067597759365375e-06
        }
    },
    "environment": {
        "devices": {
            "CUDA_VISIBLE_DEVICES": "0",
            "torch.version.cuda": "10.2",
            "torch.backends.cudnn.version()": 7605,
            "driver": "516.59",
            "0": {
                "name": "NVIDIA GeForce RTX 2070",
                "total_memory": 8589934592
            }
        }
    },
    "epoch_size": 29,
    "n_parameters": 193837,
    "best_epoch": 41,
    "metrics": {
        "train": {
            "mse": 0.0005640987656079233,
            "rmse": 0.023750763474211168,
            "score": -0.025938866659998894,
            "mape": 0.025938866659998894
        },
        "val": {
            "mse": 0.0007030063425190747,
            "rmse": 0.026514266773174675,
            "score": -0.04726593196392059,
            "mape": 0.04726593196392059
        },
        "test": {
            "mse": 0.0006585094961337745,
            "rmse": 0.025661439868677957,
            "score": -0.046925704926252365,
            "mape": 0.046925704926252365
        }
    },
    "time": "0:00:25"
}
