{
    "dataset": "rtdl",
    "algorithm": "mlp",
    "config": {
        "data": {
            "normalization": "quantile",
            "path": "data/rtdl",
            "y_policy": "mean_std"
        },
        "model": {
            "d_layers": [
                11,
                256,
                256,
                256
            ],
            "dropout": 0.1
        },
        "seed": 10,
        "training": {
            "batch_size": 512,
            "eval_batch_size": 512,
            "lr": 0.001,
            "n_epochs": 500,
            "optimizer": "radam",
            "patience": 50,
            "weight_decay": 1e-05
        }
    },
    "environment": {
        "devices": {
            "CUDA_VISIBLE_DEVICES": "0",
            "torch.version.cuda": "10.2",
            "torch.backends.cudnn.version()": 7605,
            "driver": "516.59",
            "0": {
                "name": "NVIDIA GeForce RTX 2070",
                "total_memory": 8589934592
            }
        }
    },
    "epoch_size": 58,
    "n_parameters": 135045,
    "best_epoch": 177,
    "metrics": {
        "train": {
            "rmse": 0.0423589595418048,
            "score": -0.0423589595418048,
            "mape": 1.1881084442138672
        },
        "val": {
            "rmse": 0.04100150041371052,
            "score": -0.04100150041371052,
            "mape": 0.5689760446548462
        },
        "test": {
            "rmse": 0.04134996832395109,
            "score": -0.04134996832395109,
            "mape": 0.4460892379283905
        }
    },
    "time": "0:01:23"
}
