{
    "dataset": "rtdl",
    "algorithm": "mlp",
    "config": {
        "data": {
            "normalization": "standard",
            "path": "data/rtdl",
            "y_policy": "quantile_mean_std"
        },
        "model": {
            "activation": "relu",
            "d_layers": [
                538,
                347
            ],
            "dropout": 0.2477008537587833
        },
        "seed": 10,
        "training": {
            "batch_size": 1024,
            "eval_batch_size": 8192,
            "loss": "mse",
            "lr": 0.0033808570389529695,
            "n_epochs": 1000000000,
            "optimizer": "adamw",
            "patience": 16,
            "weight_decay": 1.1067597759365375e-06
        }
    },
    "environment": {
        "devices": {
            "CUDA_VISIBLE_DEVICES": "0",
            "torch.version.cuda": "10.2",
            "torch.backends.cudnn.version()": 7605,
            "driver": "516.59",
            "0": {
                "name": "NVIDIA GeForce RTX 2070",
                "total_memory": 8589934592
            }
        }
    },
    "epoch_size": 29,
    "n_parameters": 193837,
    "best_epoch": 61,
    "metrics": {
        "train": {
            "mse": 0.0009621561621315777,
            "rmse": 0.031018642170984496,
            "score": -0.02550371363759041,
            "mape": 0.02550371363759041
        },
        "val": {
            "mse": 0.0011129615595564246,
            "rmse": 0.03336107851308804,
            "score": -0.04870938882231712,
            "mape": 0.04870938882231712
        },
        "test": {
            "mse": 0.0011989146005362272,
            "rmse": 0.03462534621539873,
            "score": -0.047158755362033844,
            "mape": 0.047158755362033844
        }
    },
    "time": "0:00:34"
}
