{
    "dataset": "rtdl",
    "algorithm": "mlp",
    "config": {
        "data": {
            "normalization": "quantile",
            "path": "data/rtdl",
            "y_policy": "mean_std"
        },
        "model": {
            "d_layers": [
                11,
                256,
                256,
                256,
                1
            ],
            "dropout": 0.1
        },
        "seed": 10,
        "training": {
            "batch_size": 512,
            "eval_batch_size": 512,
            "lr": 0.001,
            "n_epochs": 500,
            "optimizer": "sgd",
            "patience": 50,
            "weight_decay": 1e-05
        }
    },
    "environment": {
        "devices": {
            "CUDA_VISIBLE_DEVICES": "0",
            "torch.version.cuda": "10.2",
            "torch.backends.cudnn.version()": 7605,
            "driver": "516.59",
            "0": {
                "name": "NVIDIA GeForce RTX 2070",
                "total_memory": 8589934592
            }
        }
    },
    "epoch_size": 58,
    "n_parameters": 135047,
    "best_epoch": 96,
    "metrics": {
        "train": {
            "rmse": 0.08022616481832574,
            "score": -0.08022616481832574,
            "mape": 1.7613579034805298
        },
        "val": {
            "rmse": 0.0825443216743627,
            "score": -0.0825443216743627,
            "mape": 0.5669388771057129
        },
        "test": {
            "rmse": 0.07654237374856489,
            "score": -0.07654237374856489,
            "mape": 0.4581484794616699
        }
    },
    "time": "0:00:45"
}
