{
    "dataset": "rtdl",
    "algorithm": "mlp",
    "config": {
        "data": {
            "normalization": "quantile",
            "path": "data/rtdl",
            "y_policy": "mean_std"
        },
        "model": {
            "d_layers": [
                11,
                256,
                256,
                256
            ],
            "dropout": 0.1
        },
        "seed": 3,
        "training": {
            "batch_size": 512,
            "eval_batch_size": 512,
            "lr": 0.001,
            "n_epochs": 500,
            "optimizer": "radam",
            "patience": 50,
            "weight_decay": 1e-05
        }
    },
    "environment": {
        "devices": {
            "CUDA_VISIBLE_DEVICES": "0",
            "torch.version.cuda": "10.2",
            "torch.backends.cudnn.version()": 7605,
            "driver": "516.59",
            "0": {
                "name": "NVIDIA GeForce RTX 2070",
                "total_memory": 8589934592
            }
        }
    },
    "epoch_size": 58,
    "n_parameters": 135045,
    "best_epoch": 181,
    "metrics": {
        "train": {
            "rmse": 0.053687927000268636,
            "score": -0.053687927000268636,
            "mape": 1.1155463457107544
        },
        "val": {
            "rmse": 0.053505697844349,
            "score": -0.053505697844349,
            "mape": 0.46381962299346924
        },
        "test": {
            "rmse": 0.04840110595381666,
            "score": -0.04840110595381666,
            "mape": 0.3421188294887543
        }
    },
    "time": "0:01:26"
}
