{
    "dataset": "rtdl",
    "algorithm": "mlp",
    "config": {
        "data": {
            "normalization": "standard",
            "path": "data/rtdl",
            "y_policy": "quantile_mean_std"
        },
        "model": {
            "activation": "relu",
            "d_layers": [
                538,
                347
            ],
            "dropout": 0.2477008537587833
        },
        "seed": 3,
        "training": {
            "batch_size": 1024,
            "eval_batch_size": 8192,
            "loss": "mse",
            "lr": 0.0033808570389529695,
            "n_epochs": 1000000000,
            "optimizer": "adamw",
            "patience": 16,
            "weight_decay": 1.1067597759365375e-06
        }
    },
    "environment": {
        "devices": {
            "CUDA_VISIBLE_DEVICES": "0",
            "torch.version.cuda": "10.2",
            "torch.backends.cudnn.version()": 7605,
            "driver": "516.59",
            "0": {
                "name": "NVIDIA GeForce RTX 2070",
                "total_memory": 8589934592
            }
        }
    },
    "epoch_size": 29,
    "n_parameters": 193837,
    "best_epoch": 44,
    "metrics": {
        "train": {
            "mse": 0.0005852773319929838,
            "rmse": 0.024192505698934615,
            "score": -0.024544797837734222,
            "mape": 0.024544797837734222
        },
        "val": {
            "mse": 0.000719269854016602,
            "rmse": 0.026819206811846654,
            "score": -0.047368183732032776,
            "mape": 0.047368183732032776
        },
        "test": {
            "mse": 0.0006610119598917663,
            "rmse": 0.02571015285625051,
            "score": -0.04568614065647125,
            "mape": 0.04568614065647125
        }
    },
    "time": "0:00:34"
}
